,option,env,represented_by_env,kld
0,tiff,corona,corona,0.0
1,tiff,corona,cranium,0.0
2,tiff,corona,cubus,0.0
3,tiff,corona,flame,0.0
4,tiff,corona,france,0.0
5,tiff,corona,frisco,0.0
6,tiff,corona,jelly,0.01776878442568924
7,tiff,corona,karte,0.0
8,tiff,corona,mandelbrot,0.046833439540085516
9,tiff,corona,strawberry,0.0
10,tiff,corona,village,0.00228529285592027
11,tiff,cranium,corona,0.47389278217640696
12,tiff,cranium,cranium,0.0
13,tiff,cranium,cubus,0.35343316978904665
14,tiff,cranium,flame,0.2653572388391051
15,tiff,cranium,france,0.2866604826428474
16,tiff,cranium,frisco,0.555234640815175
17,tiff,cranium,jelly,0.5545079034379589
18,tiff,cranium,karte,0.2723534940717864
19,tiff,cranium,mandelbrot,0.5494696586286966
20,tiff,cranium,strawberry,0.37509516111270874
21,tiff,cranium,village,0.5594666862818521
22,tiff,cubus,corona,0.07604470124316058
23,tiff,cubus,cranium,0.0
24,tiff,cubus,cubus,0.0
25,tiff,cubus,flame,0.003582457199649411
26,tiff,cubus,france,0.0
27,tiff,cubus,frisco,0.08964427467484928
28,tiff,cubus,jelly,0.07486772899517655
29,tiff,cubus,karte,0.0
30,tiff,cubus,mandelbrot,0.12676402493494446
31,tiff,cubus,strawberry,0.035467776241015846
32,tiff,cubus,village,0.09787022219716582
33,tiff,flame,corona,0.11205970802205065
34,tiff,flame,cranium,0.0
35,tiff,flame,cubus,0.02985268233846897
36,tiff,flame,flame,0.0
37,tiff,flame,france,0.0
38,tiff,flame,frisco,0.15997947676654145
39,tiff,flame,jelly,0.1536764025809606
40,tiff,flame,karte,0.0
41,tiff,flame,mandelbrot,0.13359237388110787
42,tiff,flame,strawberry,0.08520402757578228
43,tiff,flame,village,0.14335827596786682
44,tiff,france,corona,0.38558300546257884
45,tiff,france,cranium,0.04403577511686605
46,tiff,france,cubus,0.23220876070916197
47,tiff,france,flame,0.3167110881529699
48,tiff,france,france,0.0
49,tiff,france,frisco,0.22312302210121232
50,tiff,france,jelly,0.45305669085792316
51,tiff,france,karte,0.16301895770978422
52,tiff,france,mandelbrot,0.41966469613890633
53,tiff,france,strawberry,0.34478343033267056
54,tiff,france,village,0.3270346846241623
55,tiff,frisco,corona,0.029130028488087358
56,tiff,frisco,cranium,0.0
57,tiff,frisco,cubus,0.0
58,tiff,frisco,flame,0.011570322021407071
59,tiff,frisco,france,0.0
60,tiff,frisco,frisco,0.0
61,tiff,frisco,jelly,0.10025527732002688
62,tiff,frisco,karte,0.0
63,tiff,frisco,mandelbrot,0.08866425016965183
64,tiff,frisco,strawberry,0.0
65,tiff,frisco,village,0.025880205594795015
66,tiff,jelly,corona,0.0
67,tiff,jelly,cranium,0.0
68,tiff,jelly,cubus,0.0
69,tiff,jelly,flame,0.0
70,tiff,jelly,france,0.0
71,tiff,jelly,frisco,0.010238044532234394
72,tiff,jelly,jelly,0.0
73,tiff,jelly,karte,0.0
74,tiff,jelly,mandelbrot,0.0
75,tiff,jelly,strawberry,0.0
76,tiff,jelly,village,0.008233636622786155
77,tiff,karte,corona,0.11588675955374603
78,tiff,karte,cranium,0.0
79,tiff,karte,cubus,0.038637039796997716
80,tiff,karte,flame,0.08141418024156749
81,tiff,karte,france,0.0
82,tiff,karte,frisco,0.16962938605221553
83,tiff,karte,jelly,0.19763242707551568
84,tiff,karte,karte,0.0
85,tiff,karte,mandelbrot,0.19189172703557764
86,tiff,karte,strawberry,0.0823584258716179
87,tiff,karte,village,0.15169950523939263
88,tiff,mandelbrot,corona,0.0
89,tiff,mandelbrot,cranium,0.0
90,tiff,mandelbrot,cubus,0.0
91,tiff,mandelbrot,flame,0.0
92,tiff,mandelbrot,france,0.0
93,tiff,mandelbrot,frisco,0.0
94,tiff,mandelbrot,jelly,0.0
95,tiff,mandelbrot,karte,0.0
96,tiff,mandelbrot,mandelbrot,0.0
97,tiff,mandelbrot,strawberry,0.0
98,tiff,mandelbrot,village,0.0
99,tiff,strawberry,corona,0.08969327885678122
100,tiff,strawberry,cranium,0.0
101,tiff,strawberry,cubus,0.0
102,tiff,strawberry,flame,0.0
103,tiff,strawberry,france,0.0
104,tiff,strawberry,frisco,0.045655414716978676
105,tiff,strawberry,jelly,0.12364144894614673
106,tiff,strawberry,karte,0.0
107,tiff,strawberry,mandelbrot,0.0727482052448663
108,tiff,strawberry,strawberry,0.0
109,tiff,strawberry,village,0.09372589149092013
110,tiff,village,corona,0.0
111,tiff,village,cranium,0.0
112,tiff,village,cubus,0.0
113,tiff,village,flame,0.0
114,tiff,village,france,0.0
115,tiff,village,frisco,0.0
116,tiff,village,jelly,0.06045104601825821
117,tiff,village,karte,0.0
118,tiff,village,mandelbrot,0.03324015125400955
119,tiff,village,strawberry,0.0
120,tiff,village,village,0.0
121,anyScriptOrigin,corona,corona,0.0
122,anyScriptOrigin,corona,cranium,0.0
123,anyScriptOrigin,corona,cubus,0.00482693299902319
124,anyScriptOrigin,corona,flame,0.0
125,anyScriptOrigin,corona,france,0.0
126,anyScriptOrigin,corona,frisco,0.0637769507652743
127,anyScriptOrigin,corona,jelly,0.11058027797907265
128,anyScriptOrigin,corona,karte,0.0
129,anyScriptOrigin,corona,mandelbrot,0.3179692020966502
130,anyScriptOrigin,corona,strawberry,0.0
131,anyScriptOrigin,corona,village,0.16127007946677674
132,anyScriptOrigin,cranium,corona,0.3802342381248872
133,anyScriptOrigin,cranium,cranium,0.0
134,anyScriptOrigin,cranium,cubus,0.14504388844106034
135,anyScriptOrigin,cranium,flame,0.3618357997058768
136,anyScriptOrigin,cranium,france,0.0
137,anyScriptOrigin,cranium,frisco,0.20738232436788828
138,anyScriptOrigin,cranium,jelly,0.5380277622481349
139,anyScriptOrigin,cranium,karte,0.2579287218616912
140,anyScriptOrigin,cranium,mandelbrot,0.9616694127524972
141,anyScriptOrigin,cranium,strawberry,0.27995200234424816
142,anyScriptOrigin,cranium,village,0.721033733363023
143,anyScriptOrigin,cubus,corona,0.09416147782996741
144,anyScriptOrigin,cubus,cranium,0.0
145,anyScriptOrigin,cubus,cubus,0.0
146,anyScriptOrigin,cubus,flame,0.06787208115640136
147,anyScriptOrigin,cubus,france,0.0
148,anyScriptOrigin,cubus,frisco,0.03870013873147099
149,anyScriptOrigin,cubus,jelly,0.2293078045830061
150,anyScriptOrigin,cubus,karte,0.0
151,anyScriptOrigin,cubus,mandelbrot,0.5405778542765961
152,anyScriptOrigin,cubus,strawberry,0.04327583415053953
153,anyScriptOrigin,cubus,village,0.34662805337053176
154,anyScriptOrigin,flame,corona,0.13530993771234126
155,anyScriptOrigin,flame,cranium,0.14301675819167972
156,anyScriptOrigin,flame,cubus,0.19412550483724772
157,anyScriptOrigin,flame,flame,0.0
158,anyScriptOrigin,flame,france,0.0
159,anyScriptOrigin,flame,frisco,0.25061707083983636
160,anyScriptOrigin,flame,jelly,0.22952299409766913
161,anyScriptOrigin,flame,karte,0.001177743669927764
162,anyScriptOrigin,flame,mandelbrot,0.38639419717523354
163,anyScriptOrigin,flame,strawberry,0.14671818806197626
164,anyScriptOrigin,flame,village,0.2646096999949752
165,anyScriptOrigin,france,corona,0.6399531765928586
166,anyScriptOrigin,france,cranium,0.4747898991232877
167,anyScriptOrigin,france,cubus,0.6761679515800068
168,anyScriptOrigin,france,flame,0.5279359109905616
169,anyScriptOrigin,france,france,0.0
170,anyScriptOrigin,france,frisco,0.8257066749978893
171,anyScriptOrigin,france,jelly,0.877979544348169
172,anyScriptOrigin,france,karte,0.45365683990306815
173,anyScriptOrigin,france,mandelbrot,1.134691111983986
174,anyScriptOrigin,france,strawberry,0.595386419102621
175,anyScriptOrigin,france,village,0.858022380629288
176,anyScriptOrigin,frisco,corona,0.0644192357700881
177,anyScriptOrigin,frisco,cranium,0.0
178,anyScriptOrigin,frisco,cubus,0.0
179,anyScriptOrigin,frisco,flame,0.027905351665965916
180,anyScriptOrigin,frisco,france,0.0
181,anyScriptOrigin,frisco,frisco,0.0
182,anyScriptOrigin,frisco,jelly,0.20495109731852099
183,anyScriptOrigin,frisco,karte,0.0
184,anyScriptOrigin,frisco,mandelbrot,0.5780123297357974
185,anyScriptOrigin,frisco,strawberry,0.012775491202380834
186,anyScriptOrigin,frisco,village,0.3712645522870622
187,anyScriptOrigin,jelly,corona,0.0
188,anyScriptOrigin,jelly,cranium,0.0
189,anyScriptOrigin,jelly,cubus,0.0
190,anyScriptOrigin,jelly,flame,0.0
191,anyScriptOrigin,jelly,france,0.0
192,anyScriptOrigin,jelly,frisco,0.07557721872133834
193,anyScriptOrigin,jelly,jelly,0.0
194,anyScriptOrigin,jelly,karte,0.0
195,anyScriptOrigin,jelly,mandelbrot,0.14752464761484968
196,anyScriptOrigin,jelly,strawberry,0.0
197,anyScriptOrigin,jelly,village,0.05815827658864452
198,anyScriptOrigin,karte,corona,0.1053739637339301
199,anyScriptOrigin,karte,cranium,0.08412424030246674
200,anyScriptOrigin,karte,cubus,0.15652493567085735
201,anyScriptOrigin,karte,flame,0.022256551064963218
202,anyScriptOrigin,karte,france,0.0
203,anyScriptOrigin,karte,frisco,0.22771002207999824
204,anyScriptOrigin,karte,jelly,0.2505311952402811
205,anyScriptOrigin,karte,karte,0.0
206,anyScriptOrigin,karte,mandelbrot,0.45091873101182256
207,anyScriptOrigin,karte,strawberry,0.10855739825162779
208,anyScriptOrigin,karte,village,0.339337493131328
209,anyScriptOrigin,mandelbrot,corona,0.0
210,anyScriptOrigin,mandelbrot,cranium,0.0
211,anyScriptOrigin,mandelbrot,cubus,0.0
212,anyScriptOrigin,mandelbrot,flame,0.0
213,anyScriptOrigin,mandelbrot,france,0.0
214,anyScriptOrigin,mandelbrot,frisco,0.11885142535782113
215,anyScriptOrigin,mandelbrot,jelly,0.0
216,anyScriptOrigin,mandelbrot,karte,0.0
217,anyScriptOrigin,mandelbrot,mandelbrot,0.0
218,anyScriptOrigin,mandelbrot,strawberry,0.0
219,anyScriptOrigin,mandelbrot,village,0.0
220,anyScriptOrigin,strawberry,corona,0.0
221,anyScriptOrigin,strawberry,cranium,0.0
222,anyScriptOrigin,strawberry,cubus,0.0
223,anyScriptOrigin,strawberry,flame,0.0
224,anyScriptOrigin,strawberry,france,0.0
225,anyScriptOrigin,strawberry,frisco,0.003916867938272655
226,anyScriptOrigin,strawberry,jelly,0.07913732091604145
227,anyScriptOrigin,strawberry,karte,0.0
228,anyScriptOrigin,strawberry,mandelbrot,0.34415980480515185
229,anyScriptOrigin,strawberry,strawberry,0.0
230,anyScriptOrigin,strawberry,village,0.1673403405325825
231,anyScriptOrigin,village,corona,0.0
232,anyScriptOrigin,village,cranium,0.0
233,anyScriptOrigin,village,cubus,0.0
234,anyScriptOrigin,village,flame,0.0
235,anyScriptOrigin,village,france,0.0
236,anyScriptOrigin,village,frisco,0.07411316143079319
237,anyScriptOrigin,village,jelly,0.0
238,anyScriptOrigin,village,karte,0.0
239,anyScriptOrigin,village,mandelbrot,0.027424935649183538
240,anyScriptOrigin,village,strawberry,0.0
241,anyScriptOrigin,village,village,0.0
242,validate,corona,corona,0.0
243,validate,corona,cranium,0.0
244,validate,corona,cubus,7.985535257184753
245,validate,corona,flame,8.949787915905628
246,validate,corona,france,2.4321555692926404
247,validate,corona,frisco,1.100620441590786
248,validate,corona,jelly,0.7196943264732707
249,validate,corona,karte,0.3614049670085201
250,validate,corona,mandelbrot,0.11586053040007346
251,validate,corona,strawberry,0.7067151770757281
252,validate,corona,village,1.39495149904028
253,validate,cranium,corona,2.42687203365698
254,validate,cranium,cranium,0.0
255,validate,cranium,cubus,10.08702768524878
256,validate,cranium,flame,10.472902066104144
257,validate,cranium,france,7.986030552370762
258,validate,cranium,frisco,6.970721822567633
259,validate,cranium,jelly,3.213901906122116
260,validate,cranium,karte,1.8086601062900285
261,validate,cranium,mandelbrot,2.631447164039835
262,validate,cranium,strawberry,6.248769971764556
263,validate,cranium,village,4.334531774597374
264,validate,cubus,corona,8.779667381580868
265,validate,cubus,cranium,9.181488925999712
266,validate,cubus,cubus,0.0
267,validate,cubus,flame,2.709072049629394
268,validate,cubus,france,9.702952449177074
269,validate,cubus,frisco,6.8392390837905745
270,validate,cubus,jelly,9.290353109367075
271,validate,cubus,karte,9.381590598440571
272,validate,cubus,mandelbrot,8.853586413971117
273,validate,cubus,strawberry,7.318441103784833
274,validate,cubus,village,9.351385952917154
275,validate,flame,corona,9.687251506324627
276,validate,flame,cranium,9.844359957467713
277,validate,flame,cubus,2.8809678795960494
278,validate,flame,flame,0.0
279,validate,flame,france,10.172702998790509
280,validate,flame,frisco,9.168163886580306
281,validate,flame,jelly,9.932746314442372
282,validate,flame,karte,9.964922238765237
283,validate,flame,mandelbrot,9.736485173072946
284,validate,flame,strawberry,9.278307513509754
285,validate,flame,village,9.985005552142566
286,validate,france,corona,8.533758517942653
287,validate,france,cranium,8.254828731625016
288,validate,france,cubus,10.908912058602855
289,validate,france,flame,11.157211063243773
290,validate,france,france,0.0
291,validate,france,frisco,10.064659380368314
292,validate,france,jelly,5.582453443324739
293,validate,france,karte,5.454532308961912
294,validate,france,mandelbrot,7.814767021118088
295,validate,france,strawberry,9.944421195789198
296,validate,france,village,5.142697121602064
297,validate,frisco,corona,1.8806883382931023
298,validate,frisco,cranium,3.0192924957558347
299,validate,frisco,cubus,6.382225551708274
300,validate,frisco,flame,8.75259940433105
301,validate,frisco,france,7.929527371548245
302,validate,frisco,frisco,0.0
303,validate,frisco,jelly,4.457508232870063
304,validate,frisco,karte,4.535692660277632
305,validate,frisco,mandelbrot,2.4805722605620666
306,validate,frisco,strawberry,0.11020112579474671
307,validate,frisco,village,5.132269954800998
308,validate,jelly,corona,0.35380326019056946
309,validate,jelly,cranium,0.0
310,validate,jelly,cubus,7.801396286189534
311,validate,jelly,flame,8.811931325168672
312,validate,jelly,france,0.12861938287952535
313,validate,jelly,frisco,2.5880781653445823
314,validate,jelly,jelly,0.0
315,validate,jelly,karte,0.0
316,validate,jelly,mandelbrot,0.3103821154681097
317,validate,jelly,strawberry,2.1455872003839866
318,validate,jelly,village,0.28399358081859216
319,validate,karte,corona,2.472606295175813
320,validate,karte,cranium,0.435454061780662
321,validate,karte,cubus,9.779851844862598
322,validate,karte,flame,10.16744542467331
323,validate,karte,france,1.8743260602716179
324,validate,karte,frisco,6.7968585256904674
325,validate,karte,jelly,1.2976599029676081
326,validate,karte,karte,0.0
327,validate,karte,mandelbrot,2.159882939526683
328,validate,karte,strawberry,6.149345054005934
329,validate,karte,village,1.9792887024835657
330,validate,mandelbrot,corona,0.0
331,validate,mandelbrot,cranium,0.0
332,validate,mandelbrot,cubus,7.33216804990126
333,validate,mandelbrot,flame,8.674593824887124
334,validate,mandelbrot,france,1.2810515687900148
335,validate,mandelbrot,frisco,0.9870587968296994
336,validate,mandelbrot,jelly,0.26612400523327007
337,validate,mandelbrot,karte,0.0
338,validate,mandelbrot,mandelbrot,0.0
339,validate,mandelbrot,strawberry,0.6772784235211818
340,validate,mandelbrot,village,0.7850090229425957
341,validate,strawberry,corona,1.3662443528915533
342,validate,strawberry,cranium,2.1392422480349147
343,validate,strawberry,cubus,6.9032556188869565
344,validate,strawberry,flame,8.78617014677495
345,validate,strawberry,france,5.850803399415788
346,validate,strawberry,frisco,0.04718113758093322
347,validate,strawberry,jelly,3.6336088957018315
348,validate,strawberry,karte,3.9616771101546484
349,validate,strawberry,mandelbrot,1.904344257093099
350,validate,strawberry,strawberry,0.0
351,validate,strawberry,village,4.319712833106291
352,validate,village,corona,0.39252822765016954
353,validate,village,cranium,0.0
354,validate,village,cubus,7.520445265404349
355,validate,village,flame,8.605829038811512
356,validate,village,france,0.0
357,validate,village,frisco,1.915691931631075
358,validate,village,jelly,0.0
359,validate,village,karte,0.0
360,validate,village,mandelbrot,0.2388941683369201
361,validate,village,strawberry,1.6663072653251518
362,validate,village,village,0.0
363,png,corona,corona,0.0
364,png,corona,cranium,5.077461208911494
365,png,corona,cubus,7.951932468372912
366,png,corona,flame,3.744094331068674
367,png,corona,france,7.544894768251461
368,png,corona,frisco,3.9394345220886042
369,png,corona,jelly,0.7670331635256293
370,png,corona,karte,8.480984660847124
371,png,corona,mandelbrot,0.3447847463826972
372,png,corona,strawberry,0.2958095420266498
373,png,corona,village,1.1694837315264384
374,png,cranium,corona,7.37278209963304
375,png,cranium,cranium,0.0
376,png,cranium,cubus,2.635726687297164
377,png,cranium,flame,0.1990108097352737
378,png,cranium,france,1.0335438865673405
379,png,cranium,frisco,0.33505360219478497
380,png,cranium,jelly,4.355343841224202
381,png,cranium,karte,4.492161902292338
382,png,cranium,mandelbrot,5.760013444088985
383,png,cranium,strawberry,5.291154990510071
384,png,cranium,village,8.561719735286475
385,png,cubus,corona,8.819542882097354
386,png,cubus,cranium,2.4994084612020546
387,png,cubus,cubus,0.0
388,png,cubus,flame,4.2373287154942805
389,png,cubus,france,0.0
390,png,cubus,frisco,3.959721867364781
391,png,cubus,jelly,7.559226210678932
392,png,cubus,karte,0.39899320650818204
393,png,cubus,mandelbrot,8.177945673901219
394,png,cubus,strawberry,8.098427542340005
395,png,cubus,village,9.299741586502176
396,png,flame,corona,7.318904724049552
397,png,flame,cranium,0.7369691773539114
398,png,flame,cubus,5.4244296102607965
399,png,flame,flame,0.0
400,png,flame,france,3.604639659461232
401,png,flame,frisco,0.382656353999756
402,png,flame,jelly,4.023621970235302
403,png,flame,karte,7.310582907976797
404,png,flame,mandelbrot,5.594587439723847
405,png,flame,strawberry,4.970518390848621
406,png,flame,village,8.637787959253053
407,png,france,corona,10.100457568714848
408,png,france,cranium,4.51595686643266
409,png,france,cubus,2.2815121556725684
410,png,france,flame,7.1931207378669235
411,png,france,france,0.0
412,png,france,frisco,6.589973462247916
413,png,france,jelly,9.384921071217764
414,png,france,karte,5.024445577290024
415,png,france,mandelbrot,9.75002301414259
416,png,france,strawberry,9.723963665534072
417,png,france,village,10.41538760584915
418,png,frisco,corona,5.20996055917517
419,png,frisco,cranium,0.12157091489528747
420,png,frisco,cubus,3.654916656061583
421,png,frisco,flame,0.0
422,png,frisco,france,1.8240781908917145
423,png,frisco,frisco,0.0
424,png,frisco,jelly,2.6341634777648766
425,png,frisco,karte,5.661418115757374
426,png,frisco,mandelbrot,3.815474811968746
427,png,frisco,strawberry,3.2839699881316924
428,png,frisco,village,7.011562110653135
429,png,jelly,corona,0.6141608414332436
430,png,jelly,cranium,1.7311644646735695
431,png,jelly,cubus,5.32397412943243
432,png,jelly,flame,0.8309546642951359
433,png,jelly,france,4.086311602760706
434,png,jelly,frisco,1.0301436742564625
435,png,jelly,jelly,0.0
436,png,jelly,karte,6.781750416213624
437,png,jelly,mandelbrot,0.24302001625509742
438,png,jelly,strawberry,0.0
439,png,jelly,village,2.7291705572693394
440,png,karte,corona,9.34270303193829
441,png,karte,cranium,4.708878822326614
442,png,karte,cubus,0.5615783568499197
443,png,karte,flame,6.609771608799227
444,png,karte,france,1.3207775464135842
445,png,karte,frisco,6.2015886109597425
446,png,karte,jelly,8.644925999185311
447,png,karte,karte,0.0
448,png,karte,mandelbrot,8.991175830936859
449,png,karte,strawberry,8.956456591921683
450,png,karte,village,9.666874799637645
451,png,mandelbrot,corona,0.0
452,png,mandelbrot,cranium,2.44146166192636
453,png,mandelbrot,cubus,5.522831314653784
454,png,mandelbrot,flame,1.3417353446881675
455,png,mandelbrot,france,4.432762497192364
456,png,mandelbrot,frisco,1.5741472865744268
457,png,mandelbrot,jelly,0.0
458,png,mandelbrot,karte,6.917096512328097
459,png,mandelbrot,mandelbrot,0.0
460,png,mandelbrot,strawberry,0.0
461,png,mandelbrot,village,1.4589232200454287
462,png,strawberry,corona,0.6859663026809605
463,png,strawberry,cranium,3.4005789234627186
464,png,strawberry,cubus,6.809982414314729
465,png,strawberry,flame,1.9374686783193336
466,png,strawberry,france,5.580903669204325
467,png,strawberry,frisco,2.2554074968359776
468,png,strawberry,jelly,0.2927950735856922
469,png,strawberry,karte,7.904808191699647
470,png,strawberry,mandelbrot,0.38991442875909943
471,png,strawberry,strawberry,0.0
472,png,strawberry,village,3.1169332669562735
473,png,village,corona,0.12620095245623392
474,png,village,cranium,5.198715716968607
475,png,village,cubus,7.447550233539187
476,png,village,flame,4.046362282537604
477,png,village,france,6.928276537640209
478,png,village,frisco,4.181030357906592
479,png,village,jelly,1.2282267702134773
480,png,village,karte,8.046037470688399
481,png,village,mandelbrot,0.7015200691764804
482,png,village,strawberry,0.8009888618294178
483,png,village,village,0.0
484,onload,corona,corona,0.0
485,onload,corona,cranium,0.0
486,onload,corona,cubus,0.14412547576599372
487,onload,corona,flame,0.0
488,onload,corona,france,0.0
489,onload,corona,frisco,0.18396786348621205
490,onload,corona,jelly,0.5147523866726439
491,onload,corona,karte,0.0
492,onload,corona,mandelbrot,0.8264438665178037
493,onload,corona,strawberry,1.1897403534181072
494,onload,corona,village,0.5054831911806618
495,onload,cranium,corona,1.5805243484423601
496,onload,cranium,cranium,0.0
497,onload,cranium,cubus,0.4863391322344721
498,onload,cranium,flame,0.3391325535960283
499,onload,cranium,france,2.9479790205475638
500,onload,cranium,frisco,0.6710175363892731
501,onload,cranium,jelly,3.184590552892672
502,onload,cranium,karte,0.47168177442881415
503,onload,cranium,mandelbrot,1.5291734682184581
504,onload,cranium,strawberry,1.8615197527792111
505,onload,cranium,village,1.4742591225115522
506,onload,cubus,corona,0.8577102761718953
507,onload,cubus,cranium,0.0
508,onload,cubus,cubus,0.0
509,onload,cubus,flame,0.0
510,onload,cubus,france,1.5887392082598322
511,onload,cubus,frisco,0.05326939536837749
512,onload,cubus,jelly,2.302925513488178
513,onload,cubus,karte,0.0
514,onload,cubus,mandelbrot,0.5334657001673698
515,onload,cubus,strawberry,0.7107916737703137
516,onload,cubus,village,0.5734419424042805
517,onload,flame,corona,0.9040349745155761
518,onload,flame,cranium,0.0
519,onload,flame,cubus,0.14970642556127847
520,onload,flame,flame,0.0
521,onload,flame,france,1.4410569867391054
522,onload,flame,frisco,0.23662092739935908
523,onload,flame,jelly,2.2751499516334346
524,onload,flame,karte,0.08107100952317822
525,onload,flame,mandelbrot,0.9665710968481861
526,onload,flame,strawberry,1.267988957336176
527,onload,flame,village,0.836501885747786
528,onload,france,corona,2.140706701450331
529,onload,france,cranium,3.8463019335331716
530,onload,france,cubus,4.092026769558359
531,onload,france,flame,3.2608478084241455
532,onload,france,france,0.0
533,onload,france,frisco,3.919950776667947
534,onload,france,jelly,2.415725240965449
535,onload,france,karte,2.9644469254959906
536,onload,france,mandelbrot,5.392444408708304
537,onload,france,strawberry,6.180401381710091
538,onload,france,village,4.049952596467737
539,onload,frisco,corona,0.5136943082180844
540,onload,frisco,cranium,0.0
541,onload,frisco,cubus,0.0
542,onload,frisco,flame,0.0
543,onload,frisco,france,1.1412019635175363
544,onload,frisco,frisco,0.0
545,onload,frisco,jelly,1.6415132698320452
546,onload,frisco,karte,0.0
547,onload,frisco,mandelbrot,0.39855918278879654
548,onload,frisco,strawberry,0.5041455332481293
549,onload,frisco,village,0.36411425882844195
550,onload,jelly,corona,0.0
551,onload,jelly,cranium,0.20164456508952605
552,onload,jelly,cubus,0.4720140530148804
553,onload,jelly,flame,0.12370097549959914
554,onload,jelly,france,0.0
555,onload,jelly,frisco,0.4470724508315351
556,onload,jelly,jelly,0.0
557,onload,jelly,karte,0.033058482907751395
558,onload,jelly,mandelbrot,1.3264721281359466
559,onload,jelly,strawberry,1.784820087934281
560,onload,jelly,village,0.7253577715645544
561,onload,karte,corona,0.6775655215636242
562,onload,karte,cranium,0.0
563,onload,karte,cubus,0.21608960684685888
564,onload,karte,flame,0.0028094386268712364
565,onload,karte,france,1.0297400735366065
566,onload,karte,frisco,0.2619266512633649
567,onload,karte,jelly,2.0022109578855427
568,onload,karte,karte,0.0
569,onload,karte,mandelbrot,1.0058940936254093
570,onload,karte,strawberry,1.3424448814493901
571,onload,karte,village,0.7959298954672684
572,onload,mandelbrot,corona,0.7038233114610656
573,onload,mandelbrot,cranium,0.0
574,onload,mandelbrot,cubus,0.0
575,onload,mandelbrot,flame,0.0
576,onload,mandelbrot,france,1.393087393279261
577,onload,mandelbrot,frisco,0.0
578,onload,mandelbrot,jelly,2.058651998030223
579,onload,mandelbrot,karte,0.0
580,onload,mandelbrot,mandelbrot,0.0
581,onload,mandelbrot,strawberry,0.0
582,onload,mandelbrot,village,0.19662022530061538
583,onload,strawberry,corona,1.147774873131946
584,onload,strawberry,cranium,0.0
585,onload,strawberry,cubus,0.0
586,onload,strawberry,flame,0.03848821030129195
587,onload,strawberry,france,2.188760401139374
588,onload,strawberry,frisco,0.08139637027760899
589,onload,strawberry,jelly,2.6802965037039326
590,onload,strawberry,karte,0.18438843298698165
591,onload,strawberry,mandelbrot,0.07694008660499849
592,onload,strawberry,strawberry,0.0
593,onload,strawberry,village,0.4921962362163964
594,onload,village,corona,0.11404494867182072
595,onload,village,cranium,0.0
596,onload,village,cubus,0.0
597,onload,village,flame,0.0
598,onload,village,france,0.44552345464661164
599,onload,village,frisco,0.0
600,onload,village,jelly,0.8389541364773799
601,onload,village,karte,0.0
602,onload,village,mandelbrot,0.0
603,onload,village,strawberry,0.150335100535392
604,onload,village,village,0.0
605,pdf,corona,corona,0.0
606,pdf,corona,cranium,9.37969432982336
607,pdf,corona,cubus,4.021151531919439
608,pdf,corona,flame,1.356763269562151
609,pdf,corona,france,9.406454540118503
610,pdf,corona,frisco,8.173390643571945
611,pdf,corona,jelly,3.472676648343221
612,pdf,corona,karte,0.0
613,pdf,corona,mandelbrot,1.3784333300746374
614,pdf,corona,strawberry,8.537306488406688
615,pdf,corona,village,2.136169775416853
616,pdf,cranium,corona,10.65895888450469
617,pdf,cranium,cranium,0.0
618,pdf,cranium,cubus,10.139112085915409
619,pdf,cranium,flame,10.394014752044257
620,pdf,cranium,france,0.0
621,pdf,cranium,frisco,8.404939746134332
622,pdf,cranium,jelly,10.158626713541707
623,pdf,cranium,karte,10.687096649256695
624,pdf,cranium,mandelbrot,10.40842538372492
625,pdf,cranium,strawberry,7.1791218903812135
626,pdf,cranium,village,10.344257170327378
627,pdf,cubus,corona,7.056558004151038
628,pdf,cubus,cranium,9.568295435797465
629,pdf,cubus,cubus,0.0
630,pdf,cubus,flame,1.589248845965929
631,pdf,cubus,france,9.60168469056668
632,pdf,cubus,frisco,7.374718636433089
633,pdf,cubus,jelly,1.1374041294423705
634,pdf,cubus,karte,7.920445658054865
635,pdf,cubus,mandelbrot,2.5601500867717135
636,pdf,cubus,strawberry,8.178342516912007
637,pdf,cubus,village,3.834766454875689
638,pdf,flame,corona,4.031191042361388
639,pdf,flame,cranium,10.134661138369786
640,pdf,flame,cubus,2.5795004673510706
641,pdf,flame,flame,0.0
642,pdf,flame,france,10.157932931129967
643,pdf,flame,frisco,9.219488850537527
644,pdf,flame,jelly,2.7383255195354472
645,pdf,flame,karte,4.578442724242294
646,pdf,flame,mandelbrot,1.1384272995836975
647,pdf,flame,strawberry,9.476269578412374
648,pdf,flame,village,3.408108612701882
649,pdf,france,corona,11.039303189731196
650,pdf,france,cranium,0.41876332763555746
651,pdf,france,cubus,10.561835276035707
652,pdf,france,flame,10.79300138253518
653,pdf,france,france,0.0
654,pdf,france,frisco,9.295606654137588
655,pdf,france,jelly,10.582130121723662
656,pdf,france,karte,11.065358834408093
657,pdf,france,mandelbrot,10.807155143261173
658,pdf,france,strawberry,8.413505896281395
659,pdf,france,village,10.760692818649714
660,pdf,frisco,corona,9.140807506878406
661,pdf,frisco,cranium,4.394013821916109
662,pdf,frisco,cubus,6.125256759684731
663,pdf,frisco,flame,8.383049351563757
664,pdf,frisco,france,4.651472407419008
665,pdf,frisco,frisco,0.0
666,pdf,frisco,jelly,6.096061669390088
667,pdf,frisco,karte,9.225858972948622
668,pdf,frisco,mandelbrot,8.212999457049143
669,pdf,frisco,strawberry,0.18898930977610934
670,pdf,frisco,village,7.358234981483748
671,pdf,jelly,corona,2.312391954739299
672,pdf,jelly,cranium,8.558222394099712
673,pdf,jelly,cubus,0.0
674,pdf,jelly,flame,0.0599433810342469
675,pdf,jelly,france,8.610683162189904
676,pdf,jelly,frisco,4.063300552555976
677,pdf,jelly,jelly,0.0
678,pdf,jelly,karte,2.498728943872175
679,pdf,jelly,mandelbrot,0.4176920752412552
680,pdf,jelly,strawberry,5.4152835331128415
681,pdf,jelly,village,1.286568005821633
682,pdf,karte,corona,0.7277793314909404
683,pdf,karte,cranium,10.187420925056932
684,pdf,karte,cubus,7.138209609855545
685,pdf,karte,flame,4.4100259694711985
686,pdf,karte,france,10.205801402890566
687,pdf,karte,frisco,9.569126639251394
688,pdf,karte,jelly,6.394088706674299
689,pdf,karte,karte,0.0
690,pdf,karte,mandelbrot,3.784170813769578
691,pdf,karte,strawberry,9.720062340931348
692,pdf,karte,village,4.252389889777867
693,pdf,mandelbrot,corona,1.1662843478677125
694,pdf,mandelbrot,cranium,9.224372053870805
695,pdf,mandelbrot,cubus,0.7025764972841401
696,pdf,mandelbrot,flame,0.0
697,pdf,mandelbrot,france,9.254746399340453
698,pdf,mandelbrot,frisco,7.4873205457647645
699,pdf,mandelbrot,jelly,0.9272020822967093
700,pdf,mandelbrot,karte,1.139553612092063
701,pdf,mandelbrot,mandelbrot,0.0
702,pdf,mandelbrot,strawberry,8.099283097178729
703,pdf,mandelbrot,village,1.356264719545962
704,pdf,strawberry,corona,9.130209736514585
705,pdf,strawberry,cranium,2.928424090997278
706,pdf,strawberry,cubus,6.366985069151778
707,pdf,strawberry,flame,8.34484514023872
708,pdf,strawberry,france,3.2007374538864295
709,pdf,strawberry,frisco,0.131624290907495
710,pdf,strawberry,jelly,6.385470188374689
711,pdf,strawberry,karte,9.218413272505769
712,pdf,strawberry,mandelbrot,8.209726444016368
713,pdf,strawberry,strawberry,0.0
714,pdf,strawberry,village,7.546377802577859
715,pdf,village,corona,0.0
716,pdf,village,cranium,5.496241675385701
717,pdf,village,cubus,0.0
718,pdf,village,flame,0.0
719,pdf,village,france,5.8575762488639915
720,pdf,village,frisco,2.232412242697782
721,pdf,village,jelly,0.0
722,pdf,village,karte,0.0
723,pdf,village,mandelbrot,0.0
724,pdf,village,strawberry,2.8524978541631327
725,pdf,village,village,0.0
726,dpi,corona,corona,0.0
727,dpi,corona,cranium,1.3554938741957931
728,dpi,corona,cubus,1.114681234438143
729,dpi,corona,flame,0.13700189490483106
730,dpi,corona,france,0.0
731,dpi,corona,frisco,1.954313227908598
732,dpi,corona,jelly,1.1450312525955164
733,dpi,corona,karte,0.04191056015486464
734,dpi,corona,mandelbrot,0.13091136967966077
735,dpi,corona,strawberry,2.5213463689345463
736,dpi,corona,village,0.7609593492440327
737,dpi,cranium,corona,4.115288505968358
738,dpi,cranium,cranium,0.0
739,dpi,cranium,cubus,0.43424432940469904
740,dpi,cranium,flame,0.6670441532824716
741,dpi,cranium,france,0.0
742,dpi,cranium,frisco,0.5701539906353577
743,dpi,cranium,jelly,0.7690816740414825
744,dpi,cranium,karte,1.3755465599350594
745,dpi,cranium,mandelbrot,3.7272313164343602
746,dpi,cranium,strawberry,0.8803268193182395
747,dpi,cranium,village,1.1074332054072862
748,dpi,cubus,corona,2.115823801340344
749,dpi,cubus,cranium,0.0
750,dpi,cubus,cubus,0.0
751,dpi,cubus,flame,0.02293078581935762
752,dpi,cubus,france,0.0
753,dpi,cubus,frisco,0.2766547614139881
754,dpi,cubus,jelly,0.26749642544794094
755,dpi,cubus,karte,0.4061629222143721
756,dpi,cubus,mandelbrot,1.931643749354207
757,dpi,cubus,strawberry,0.4814133749070716
758,dpi,cubus,village,0.4202284229493961
759,dpi,flame,corona,1.9825766613991362
760,dpi,flame,cranium,0.4914532258889561
761,dpi,flame,cubus,0.48715582968123305
762,dpi,flame,flame,0.0
763,dpi,flame,france,0.0
764,dpi,flame,frisco,1.0685514053554366
765,dpi,flame,jelly,0.7001571805434563
766,dpi,flame,karte,0.3370754758237932
767,dpi,flame,mandelbrot,1.852911758167225
768,dpi,flame,strawberry,1.5793093470923218
769,dpi,flame,village,0.6860548289925292
770,dpi,france,corona,5.1512067727317
771,dpi,france,cranium,1.8766876637918783
772,dpi,france,cubus,2.0467960285932993
773,dpi,france,flame,1.311623030300235
774,dpi,france,france,0.0
775,dpi,france,frisco,2.9671915194027805
776,dpi,france,jelly,2.461504942901212
777,dpi,france,karte,2.131903869161109
778,dpi,france,mandelbrot,4.724070049166343
779,dpi,france,strawberry,3.6431107798019897
780,dpi,france,village,2.5237603396580806
781,dpi,frisco,corona,2.9069364934200443
782,dpi,frisco,cranium,0.0
783,dpi,frisco,cubus,0.04803889468404376
784,dpi,frisco,flame,0.24631892959292204
785,dpi,frisco,france,0.0
786,dpi,frisco,frisco,0.0
787,dpi,frisco,jelly,0.2942414058141984
788,dpi,frisco,karte,0.7358610783156081
789,dpi,frisco,mandelbrot,2.6271516842571034
790,dpi,frisco,strawberry,0.19316852946501778
791,dpi,frisco,village,0.5754766994390699
792,dpi,jelly,corona,1.5577041717037796
793,dpi,jelly,cranium,0.0
794,dpi,jelly,cubus,0.0
795,dpi,jelly,flame,0.0
796,dpi,jelly,france,0.0
797,dpi,jelly,frisco,0.09451831111854384
798,dpi,jelly,jelly,0.0
799,dpi,jelly,karte,0.09275155588176613
800,dpi,jelly,mandelbrot,1.466138172243301
801,dpi,jelly,strawberry,0.2964663390906083
802,dpi,jelly,village,0.19611653570946638
803,dpi,karte,corona,0.9671407279639914
804,dpi,karte,cranium,0.520753816929931
805,dpi,karte,cubus,0.4681986701295241
806,dpi,karte,flame,0.0
807,dpi,karte,france,0.0
808,dpi,karte,frisco,1.221216678679351
809,dpi,karte,jelly,0.6549719883707354
810,dpi,karte,karte,0.0
811,dpi,karte,mandelbrot,0.9504368879761703
812,dpi,karte,strawberry,1.7772721536352973
813,dpi,karte,village,0.43920142155347125
814,dpi,mandelbrot,corona,0.0
815,dpi,mandelbrot,cranium,0.6203901963920596
816,dpi,mandelbrot,cubus,0.5254949535063098
817,dpi,mandelbrot,flame,0.0
818,dpi,mandelbrot,france,0.0
819,dpi,mandelbrot,frisco,1.3005627554192531
820,dpi,mandelbrot,jelly,0.6323428808903941
821,dpi,mandelbrot,karte,0.0
822,dpi,mandelbrot,mandelbrot,0.0
823,dpi,mandelbrot,strawberry,1.8994515238652083
824,dpi,mandelbrot,village,0.33401604672935703
825,dpi,strawberry,corona,2.9499884181815874
826,dpi,strawberry,cranium,0.0
827,dpi,strawberry,cubus,0.0
828,dpi,strawberry,flame,0.3299991346878345
829,dpi,strawberry,france,0.0
830,dpi,strawberry,frisco,0.0
831,dpi,strawberry,jelly,0.25267912300181883
832,dpi,strawberry,karte,0.8420411738863443
833,dpi,strawberry,mandelbrot,2.6600964123226363
834,dpi,strawberry,strawberry,0.0
835,dpi,strawberry,village,0.5698850488948402
836,dpi,village,corona,0.8193270488762061
837,dpi,village,cranium,0.0
838,dpi,village,cubus,0.0
839,dpi,village,flame,0.0
840,dpi,village,france,0.0
841,dpi,village,frisco,0.07307304385504443
842,dpi,village,jelly,0.0
843,dpi,village,karte,0.0
844,dpi,village,mandelbrot,0.7423806287622731
845,dpi,village,strawberry,0.2921956543328906
846,dpi,village,village,0.0
847,resolution,corona,corona,0.0
848,resolution,corona,cranium,7.91552018384952
849,resolution,corona,cubus,0.0
850,resolution,corona,flame,6.770044218720726
851,resolution,corona,france,4.4292038130557785
852,resolution,corona,frisco,5.7454845524634415
853,resolution,corona,jelly,0.3996578281694459
854,resolution,corona,karte,7.650589211295131
855,resolution,corona,mandelbrot,0.8842209030064319
856,resolution,corona,strawberry,1.3360075292724884
857,resolution,corona,village,4.320316644491929
858,resolution,cranium,corona,10.058991758362199
859,resolution,cranium,cranium,0.0
860,resolution,cranium,cubus,9.963341570744445
861,resolution,cranium,flame,1.7696765630906843
862,resolution,cranium,france,6.365884924466768
863,resolution,cranium,frisco,3.717283717807111
864,resolution,cranium,jelly,10.057845017561341
865,resolution,cranium,karte,10.979815490523865
866,resolution,cranium,mandelbrot,9.39444102658192
867,resolution,cranium,strawberry,9.213060359164778
868,resolution,cranium,village,5.867605027729826
869,resolution,cubus,corona,0.42616848477811897
870,resolution,cubus,cranium,8.461064052218894
871,resolution,cubus,cubus,0.0
872,resolution,cubus,flame,7.684112193357626
873,resolution,cubus,france,5.73376427767748
874,resolution,cubus,frisco,6.757722855000761
875,resolution,cubus,jelly,1.1095985746452581
876,resolution,cubus,karte,8.694582612707057
877,resolution,cubus,mandelbrot,1.1120013261896315
878,resolution,cubus,strawberry,1.5952963049485522
879,resolution,cubus,village,5.0320143934378
880,resolution,flame,corona,8.759477141793832
881,resolution,flame,cranium,0.3263182267496993
882,resolution,flame,cubus,8.56017945638455
883,resolution,flame,flame,0.0
884,resolution,flame,france,1.0379186735340593
885,resolution,flame,frisco,0.6297117144121792
886,resolution,flame,jelly,8.677924529108108
887,resolution,flame,karte,10.344205396339687
888,resolution,flame,mandelbrot,6.849893122739134
889,resolution,flame,strawberry,5.778866890127123
890,resolution,flame,village,2.624458229446249
891,resolution,france,corona,8.961816405066834
892,resolution,france,cranium,5.815369575227897
893,resolution,france,cubus,8.761867291116177
894,resolution,france,flame,2.579240577617511
895,resolution,france,france,0.0
896,resolution,france,frisco,1.7456427068498386
897,resolution,france,jelly,8.86073806114052
898,resolution,france,karte,10.682426774152256
899,resolution,france,mandelbrot,6.708821626606182
900,resolution,france,strawberry,5.349494473026689
901,resolution,france,village,3.213159581889012
902,resolution,frisco,corona,7.990199201621291
903,resolution,frisco,cranium,0.539599717029729
904,resolution,frisco,cubus,7.6882062569231815
905,resolution,frisco,flame,0.0
906,resolution,frisco,france,0.0
907,resolution,frisco,frisco,0.0
908,resolution,frisco,jelly,7.881352287932389
909,resolution,frisco,karte,10.006034329128745
910,resolution,frisco,mandelbrot,5.293382508119225
911,resolution,frisco,strawberry,3.6781310300545433
912,resolution,frisco,village,1.411328916178265
913,resolution,jelly,corona,0.0
914,resolution,jelly,cranium,5.76137734242924
915,resolution,jelly,cubus,0.0
916,resolution,jelly,flame,4.369866356095681
917,resolution,jelly,france,2.54789509847781
918,resolution,jelly,frisco,3.6129431823712226
919,resolution,jelly,jelly,0.0
920,resolution,jelly,karte,5.551406965020879
921,resolution,jelly,mandelbrot,0.41974154867527946
922,resolution,jelly,strawberry,0.7663172938536492
923,resolution,jelly,village,2.8726267296444816
924,resolution,karte,corona,8.60091745055735
925,resolution,karte,cranium,10.052602499910638
926,resolution,karte,cubus,8.934060143059375
927,resolution,karte,flame,9.956828186194489
928,resolution,karte,france,9.808362039835465
929,resolution,karte,frisco,9.889039274333893
930,resolution,karte,jelly,8.182720499808932
931,resolution,karte,karte,0.0
932,resolution,karte,mandelbrot,9.20989370312003
933,resolution,karte,strawberry,9.445663536246542
934,resolution,karte,village,9.745252937210566
935,resolution,mandelbrot,corona,0.433665444967127
936,resolution,mandelbrot,cranium,4.202424086404047
937,resolution,mandelbrot,cubus,0.035568019382818415
938,resolution,mandelbrot,flame,2.8921886564508705
939,resolution,mandelbrot,france,1.2763906936644287
940,resolution,mandelbrot,frisco,2.198549723722845
941,resolution,mandelbrot,jelly,0.8994836244618477
942,resolution,mandelbrot,karte,7.764854631531363
943,resolution,mandelbrot,mandelbrot,0.0
944,resolution,mandelbrot,strawberry,0.0
945,resolution,mandelbrot,village,1.6164686041646255
946,resolution,strawberry,corona,2.455505904402173
947,resolution,strawberry,cranium,5.605239217558708
948,resolution,strawberry,cubus,1.482342046324516
949,resolution,strawberry,flame,3.8974942818327394
950,resolution,strawberry,france,1.6145739496393643
951,resolution,strawberry,frisco,2.9574071436708254
952,resolution,strawberry,jelly,3.1794684370782953
953,resolution,strawberry,karte,9.419121381415133
954,resolution,strawberry,mandelbrot,0.7832928477914711
955,resolution,strawberry,strawberry,0.0
956,resolution,strawberry,village,2.1566762596807547
957,resolution,village,corona,2.393908186749238
958,resolution,village,cranium,0.29956807882624764
959,resolution,village,cubus,1.8076163041807687
960,resolution,village,flame,0.0
961,resolution,village,france,0.0
962,resolution,village,frisco,0.0
963,resolution,village,jelly,2.765146904821998
964,resolution,village,karte,8.433385152025837
965,resolution,village,mandelbrot,0.9423508458915784
966,resolution,village,strawberry,0.3042101929235447
967,resolution,village,village,0.0
968,quality,corona,corona,0.0
969,quality,corona,cranium,0.0
970,quality,corona,cubus,0.0
971,quality,corona,flame,0.0
972,quality,corona,france,0.0
973,quality,corona,frisco,0.0
974,quality,corona,jelly,0.0065625626230574495
975,quality,corona,karte,0.0
976,quality,corona,mandelbrot,0.0
977,quality,corona,strawberry,0.07938946634532588
978,quality,corona,village,0.06020759665813048
979,quality,cranium,corona,0.38165520757347277
980,quality,cranium,cranium,0.0
981,quality,cranium,cubus,0.47701608659497635
982,quality,cranium,flame,0.25787166778867193
983,quality,cranium,france,0.3236358901217529
984,quality,cranium,frisco,0.22865421237324535
985,quality,cranium,jelly,0.4905625901666851
986,quality,cranium,karte,0.2203503393485466
987,quality,cranium,mandelbrot,0.5033749271126137
988,quality,cranium,strawberry,0.7048224684682769
989,quality,cranium,village,0.5536622463153371
990,quality,cubus,corona,0.15999757674921383
991,quality,cubus,cranium,0.0
992,quality,cubus,cubus,0.0
993,quality,cubus,flame,0.0
994,quality,cubus,france,0.4436097966889877
995,quality,cubus,frisco,0.11909636485445815
996,quality,cubus,jelly,0.189327571912097
997,quality,cubus,karte,0.0888766697425049
998,quality,cubus,mandelbrot,0.12542153026663147
999,quality,cubus,strawberry,0.07880837818135726
1000,quality,cubus,village,0.4076425936193238
1001,quality,flame,corona,0.106866242940142
1002,quality,flame,cranium,0.0
1003,quality,flame,cubus,0.05195779838067659
1004,quality,flame,flame,0.0
1005,quality,flame,france,0.30242281507334084
1006,quality,flame,frisco,0.06898356050016723
1007,quality,flame,jelly,0.13696508258597706
1008,quality,flame,karte,0.0019505706308004323
1009,quality,flame,mandelbrot,0.12367878901220891
1010,quality,flame,strawberry,0.19218677553300823
1011,quality,flame,village,0.2654652282606709
1012,quality,france,corona,1.1115081081156872
1013,quality,france,cranium,0.5591141821694066
1014,quality,france,cubus,1.7310280492918193
1015,quality,france,flame,1.19146366593269
1016,quality,france,france,0.0
1017,quality,france,frisco,0.7820401548855745
1018,quality,france,jelly,1.2287787302511242
1019,quality,france,karte,0.7772805685621417
1020,quality,france,mandelbrot,1.2796911390933199
1021,quality,france,strawberry,1.990486548376394
1022,quality,france,village,0.8704752019102256
1023,quality,frisco,corona,0.1428079047008785
1024,quality,frisco,cranium,0.0
1025,quality,frisco,cubus,0.2534629670230681
1026,quality,frisco,flame,0.08045592322541449
1027,quality,frisco,france,0.04215540598931816
1028,quality,frisco,frisco,0.0
1029,quality,frisco,jelly,0.1487023471246014
1030,quality,frisco,karte,0.0
1031,quality,frisco,mandelbrot,0.18338666505232823
1032,quality,frisco,strawberry,0.33837914321077633
1033,quality,frisco,village,0.20206516990689632
1034,quality,jelly,corona,0.021332979764792512
1035,quality,jelly,cranium,0.0
1036,quality,jelly,cubus,0.017354480784577873
1037,quality,jelly,flame,0.0
1038,quality,jelly,france,0.022370724132309117
1039,quality,jelly,frisco,0.0
1040,quality,jelly,jelly,0.0
1041,quality,jelly,karte,0.0
1042,quality,jelly,mandelbrot,0.006234635244588136
1043,quality,jelly,strawberry,0.08049805586080984
1044,quality,jelly,village,0.10391539220219057
1045,quality,karte,corona,0.19429141950879406
1046,quality,karte,cranium,0.0
1047,quality,karte,cubus,0.2792217154686057
1048,quality,karte,flame,0.1099997028253065
1049,quality,karte,france,0.10033290886757024
1050,quality,karte,frisco,0.0
1051,quality,karte,jelly,0.22090108001506778
1052,quality,karte,karte,0.0
1053,quality,karte,mandelbrot,0.26432072689028874
1054,quality,karte,strawberry,0.41780523500109434
1055,quality,karte,village,0.2703560612676503
1056,quality,mandelbrot,corona,0.0039022423743256497
1057,quality,mandelbrot,cranium,0.0
1058,quality,mandelbrot,cubus,0.0
1059,quality,mandelbrot,flame,0.0
1060,quality,mandelbrot,france,0.03816057112648016
1061,quality,mandelbrot,frisco,0.0
1062,quality,mandelbrot,jelly,0.013416363814010089
1063,quality,mandelbrot,karte,0.0
1064,quality,mandelbrot,mandelbrot,0.0
1065,quality,mandelbrot,strawberry,0.054420834171949206
1066,quality,mandelbrot,village,0.12383561908017514
1067,quality,strawberry,corona,0.010246423954005632
1068,quality,strawberry,cranium,0.0
1069,quality,strawberry,cubus,0.0
1070,quality,strawberry,flame,0.0
1071,quality,strawberry,france,0.3851958652878747
1072,quality,strawberry,frisco,0.0
1073,quality,strawberry,jelly,0.04674355421544471
1074,quality,strawberry,karte,0.0
1075,quality,strawberry,mandelbrot,0.0
1076,quality,strawberry,strawberry,0.0
1077,quality,strawberry,village,0.2650229673230763
1078,quality,village,corona,0.0
1079,quality,village,cranium,0.0
1080,quality,village,cubus,0.10010312283723148
1081,quality,village,flame,0.0
1082,quality,village,france,0.0
1083,quality,village,frisco,0.0
1084,quality,village,jelly,0.023454263674548788
1085,quality,village,karte,0.0
1086,quality,village,mandelbrot,0.0005373010615049881
1087,quality,village,strawberry,0.19830779856700004
1088,quality,village,village,0.0
1089,indexed,corona,corona,0.0
1090,indexed,corona,cranium,0.0
1091,indexed,corona,cubus,0.08972290759275199
1092,indexed,corona,flame,0.0
1093,indexed,corona,france,0.0
1094,indexed,corona,frisco,0.0
1095,indexed,corona,jelly,0.04648477873394069
1096,indexed,corona,karte,0.0128713879920161
1097,indexed,corona,mandelbrot,0.23077222229211836
1098,indexed,corona,strawberry,0.0
1099,indexed,corona,village,0.1238849560429469
1100,indexed,cranium,corona,0.3500824043188797
1101,indexed,cranium,cranium,0.0
1102,indexed,cranium,cubus,0.5780944512688521
1103,indexed,cranium,flame,0.2930196928925661
1104,indexed,cranium,france,0.0
1105,indexed,cranium,frisco,0.15987229563841088
1106,indexed,cranium,jelly,0.4448876864599371
1107,indexed,cranium,karte,0.3576234974105839
1108,indexed,cranium,mandelbrot,0.7358090383552003
1109,indexed,cranium,strawberry,0.30875180467645075
1110,indexed,cranium,village,0.5021952090384443
1111,indexed,cubus,corona,0.05345881876471282
1112,indexed,cubus,cranium,0.0
1113,indexed,cubus,cubus,0.0
1114,indexed,cubus,flame,0.04121497300928136
1115,indexed,cubus,france,0.0
1116,indexed,cubus,frisco,0.0018767756583683685
1117,indexed,cubus,jelly,0.09802121257334527
1118,indexed,cubus,karte,0.36774923290738326
1119,indexed,cubus,mandelbrot,0.6330503915949359
1120,indexed,cubus,strawberry,0.04099761502162704
1121,indexed,cubus,village,0.3532940448250461
1122,indexed,flame,corona,0.038988921699054296
1123,indexed,flame,cranium,0.0
1124,indexed,flame,cubus,0.24741309712729306
1125,indexed,flame,flame,0.0
1126,indexed,flame,france,0.0
1127,indexed,flame,frisco,0.0
1128,indexed,flame,jelly,0.08106612628335727
1129,indexed,flame,karte,0.023654634742803278
1130,indexed,flame,mandelbrot,0.23990833217918847
1131,indexed,flame,strawberry,0.02384648994239324
1132,indexed,flame,village,0.14816796544138186
1133,indexed,france,corona,1.2275466012810867
1134,indexed,france,cranium,0.706189228023532
1135,indexed,france,cubus,1.8346078631652858
1136,indexed,france,flame,0.9910373052591211
1137,indexed,france,france,0.0
1138,indexed,france,frisco,0.9202688045229238
1139,indexed,france,jelly,1.2673479587614953
1140,indexed,france,karte,0.9678593421721207
1141,indexed,france,mandelbrot,1.4016509252082083
1142,indexed,france,strawberry,1.075563328307062
1143,indexed,france,village,1.2632942609592521
1144,indexed,frisco,corona,0.09463023937229892
1145,indexed,frisco,cranium,0.0
1146,indexed,frisco,cubus,0.33389147646185824
1147,indexed,frisco,flame,0.045766210139228304
1148,indexed,frisco,france,0.0
1149,indexed,frisco,frisco,0.0
1150,indexed,frisco,jelly,0.19090967733950603
1151,indexed,frisco,karte,0.0994385781082961
1152,indexed,frisco,mandelbrot,0.4132691990150597
1153,indexed,frisco,strawberry,0.049202622604111214
1154,indexed,frisco,village,0.26800457433798586
1155,indexed,jelly,corona,0.0
1156,indexed,jelly,cranium,0.0
1157,indexed,jelly,cubus,0.10253211782217801
1158,indexed,jelly,flame,0.0
1159,indexed,jelly,france,0.0
1160,indexed,jelly,frisco,0.0
1161,indexed,jelly,jelly,0.0
1162,indexed,jelly,karte,0.0
1163,indexed,jelly,mandelbrot,0.19624380958815588
1164,indexed,jelly,strawberry,0.0
1165,indexed,jelly,village,0.05750102275459579
1166,indexed,karte,corona,0.2448814268363173
1167,indexed,karte,cranium,0.0
1168,indexed,karte,cubus,0.6667656857601572
1169,indexed,karte,flame,0.07881518417695589
1170,indexed,karte,france,0.0
1171,indexed,karte,frisco,0.03779483230212345
1172,indexed,karte,jelly,0.2533330752658755
1173,indexed,karte,karte,0.0
1174,indexed,karte,mandelbrot,0.12066569434766894
1175,indexed,karte,strawberry,0.11149949733835503
1176,indexed,karte,village,0.14096963639389568
1177,indexed,mandelbrot,corona,0.027431188071104298
1178,indexed,mandelbrot,cranium,0.0
1179,indexed,mandelbrot,cubus,0.4352609690922676
1180,indexed,mandelbrot,flame,0.0
1181,indexed,mandelbrot,france,0.0
1182,indexed,mandelbrot,frisco,0.0
1183,indexed,mandelbrot,jelly,0.06892293711304509
1184,indexed,mandelbrot,karte,0.0
1185,indexed,mandelbrot,mandelbrot,0.0
1186,indexed,mandelbrot,strawberry,0.0
1187,indexed,mandelbrot,village,0.0
1188,indexed,strawberry,corona,0.03015111536794871
1189,indexed,strawberry,cranium,0.0
1190,indexed,strawberry,cubus,0.2606393027872104
1191,indexed,strawberry,flame,0.010263447011516005
1192,indexed,strawberry,france,0.0
1193,indexed,strawberry,frisco,0.0
1194,indexed,strawberry,jelly,0.057655014581872985
1195,indexed,strawberry,karte,0.049501032314012094
1196,indexed,strawberry,mandelbrot,0.30584009040685883
1197,indexed,strawberry,strawberry,0.0
1198,indexed,strawberry,village,0.19594100079882712
1199,indexed,village,corona,0.05564189070809665
1200,indexed,village,cranium,0.0
1201,indexed,village,cubus,0.3214568534957338
1202,indexed,village,flame,0.0
1203,indexed,village,france,0.0
1204,indexed,village,frisco,0.0
1205,indexed,village,jelly,0.036964892633495484
1206,indexed,village,karte,0.0
1207,indexed,village,mandelbrot,0.0828537620495246
1208,indexed,village,strawberry,0.0
1209,indexed,village,village,0.0
